{"cameraMode":{"drawMode":0,"name":"Shaded","section":"Shading Mode"},"sceneLighting":true,"audioPlay":false,"sceneViewState":{"showFog":false,"showMaterialUpdate":false,"showSkybox":false,"showFlares":false,"showImageEffects":false,"showParticleSystems":false},"in2DMode":false,"pivot":{"x":41.47787094116211,"y":38.21595764160156,"z":46.00927734375},"rotation":{"x":0.0613776333630085,"y":0.6953549981117249,"z":-0.05981619656085968,"w":0.713537871837616},"size":182.9457244873047,"orthographic":false}