{"cameraMode":{"drawMode":0,"name":"Shaded","section":"Shading Mode"},"sceneLighting":false,"audioPlay":false,"sceneViewState":{"showFog":false,"showMaterialUpdate":false,"showSkybox":false,"showFlares":false,"showImageEffects":false,"showParticleSystems":false},"in2DMode":false,"pivot":{"x":15.737968444824219,"y":60.83223342895508,"z":22.333145141601564},"rotation":{"x":-0.0028641480021178724,"y":0.9966527223587036,"z":-0.07119164615869522,"w":-0.04008573666214943},"size":2.8578836917877199,"orthographic":false}